{
	"description": "项目配置文件",
	"packOptions": {
		"ignore": []
	},
	"setting": {
		"urlCheck": false,
		"es6": true,
		"postcss": true,
		"minified": true,
		"newFeature": true,
		"autoAudits": false
	},
	"compileType": "miniprogram",
	"libVersion": "2.5.1",
	"appid": "wxbf35a7dfb61fcc81",
	"projectname": "mina",
	"debugOptions": {
		"hidedInDevtools": []
	},
	"isGameTourist": false,
	"condition": {
		"search": {
			"current": -1,
			"list": []
		},
		"conversation": {
			"current": -1,
			"list": []
		},
		"plugin": {
			"current": -1,
			"list": []
		},
		"game": {
			"currentL": -1,
			"list": []
		},
		"miniprogram": {
			"current": 1,
			"list": [
				{
					"id": 0,
					"name": "page_index",
					"pathName": "pages/index/index",
					"query": "scene=hahah",
					"scene": 1001
				},
				{
					"id": 1,
					"name": "food_index",
					"pathName": "pages/group/index",
					"query": "scene=hahah",
					"scene": 1001
				}
			]
		}
	}
}